{
  "minecraft:recipes/misc/sugar_from_sugar_cane": {
    "criteria": {
      "has_sugar_cane": "2024-08-10 00:32:47 +0000"
    },
    "done": true
  },
  "minecraft:recipes/decorations/crafting_table": {
    "criteria": {
      "unlock_right_away": "2024-08-10 00:31:48 +0000"
    },
    "done": true
  },
  "minecraft:adventure/adventuring_time": {
    "criteria": {
      "minecraft:frozen_river": "2024-08-10 00:32:46 +0000",
      "minecraft:ice_spikes": "2024-08-10 00:31:55 +0000",
      "minecraft:snowy_beach": "2024-08-10 00:31:49 +0000"
    },
    "done": false
  },
  "minecraft:recipes/misc/paper": {
    "criteria": {
      "has_reeds": "2024-08-10 00:32:47 +0000"
    },
    "done": true
  },
  "DataVersion": 3465
}